{"B2ACC0E2": {"gain": 1.8828125, "offset": 513}, "FAAAD878": {"gain": 1.859375, "offset": 511}}